country_name,country_code,population_1990,population_1991,population_1992,population_1993,population_1994,population_1995,population_1996,population_1997,population_1998,population_1999,population_2000,population_2001,population_2002,population_2003,population_2004,population_2005,population_2006,population_2007,population_2008,population_2009,population_2010,population_2011,population_2012,population_2013,population_2014,population_2015,population_2016,population_2017,population_2018,population_2019,population_2020
ARUBA,ABW,879.0,1946.0,1294.0,1662.0,1668.0,1598.0,1636.0,1656.0,1786.0,1828.0,1235.0,560.0,350.0,324.0,315.0,579.0,569.0,621.0,666.0,703.0,498.0,315.0,229.0,134.0,88.0,177.0,170.0,218.0,367.0,412.0,0.0
AFGHANISTAN,AFG,-666001.0,39926.0,1834556.0,1171818.0,665410.0,71824.0,27194.0,6129.0,35740.0,85758.0,-1007135.0,-192286.0,1327074.0,388632.0,-248616.0,252185.0,62684.0,-942887.0,221000.0,-58881.0,-141355.0,418796.0,105905.0,48076.0,255611.0,-281739.0,-90238.0,-47090.0,-47205.0,-8082.0,166821.0
ANGOLA,AGO,47663.0,33925.0,39196.0,38883.0,45272.0,40855.0,45356.0,49960.0,51856.0,51687.0,53527.0,56959.0,60505.0,59438.0,66585.0,64009.0,70170.0,73940.0,73804.0,77265.0,90016.0,94709.0,96056.0,91528.0,84532.0,74170.0,91623.0,77733.0,61632.0,58986.0,7557.0
ALBANIA,ALB,-52723.0,-56599.0,-59634.0,-61925.0,-63700.0,-65106.0,-65800.0,-65975.0,-65616.0,-64787.0,-63610.0,-62059.0,-59876.0,-57308.0,-54383.0,-50855.0,-47174.0,-43019.0,-38736.0,-34116.0,-29330.0,-24465.0,-19946.0,-16845.0,-14265.0,-12240.0,-10887.0,-9768.0,-9106.0,-8889.0,-9117.0
ANDORRA,AND,1589.0,1501.0,1446.0,1530.0,1474.0,1588.0,182.0,140.0,183.0,39.0,146.0,2690.0,2690.0,2722.0,2744.0,2467.0,-2420.0,-2446.0,-2584.0,-2678.0,-2864.0,27.0,33.0,12.0,-84.0,-232.0,1303.0,887.0,1184.0,1238.0,1474.0
UNITED ARAB EMIRATES,ARE,64939.0,64706.0,63263.0,62946.0,59748.0,64261.0,130051.0,131906.0,133350.0,133289.0,131735.0,130241.0,128160.0,124550.0,122863.0,339380.0,781672.0,1037187.0,1040422.0,783241.0,-13726.0,-15738.0,-16401.0,-15566.0,-14954.0,-14154.0,-13520.0,-12895.0,-8582.0,-4466.0,-2762.0
ARGENTINA,ARG,6021.0,-8569.0,-13201.0,-16383.0,-18725.0,-19736.0,-20396.0,-20588.0,-20331.0,-20220.0,-22770.0,-22787.0,-22668.0,-22353.0,-22336.0,-21961.0,-19958.0,-18051.0,-12450.0,-7869.0,-4970.0,-1011.0,3127.0,5369.0,5801.0,5522.0,5215.0,4926.0,4690.0,4478.0,2344.0
ARMENIA,ARM,2119.0,5419.0,-196273.0,-126968.0,-112567.0,-50217.0,-51023.0,-51638.0,-52266.0,-52843.0,-51873.0,-44486.0,-34971.0,-30238.0,-30623.0,-31023.0,-31302.0,-31530.0,-31822.0,-32000.0,-31991.0,-29214.0,-28731.0,-28257.0,-27763.0,-27283.0,-26804.0,-26326.0,-25835.0,-25363.0,-12825.0
AMERICAN SAMOA,ASM,-251.0,-505.0,-516.0,-522.0,-476.0,-419.0,-385.0,-405.0,-451.0,-452.0,-1158.0,-1503.0,-1583.0,-1647.0,-1701.0,-1697.0,-1661.0,-1618.0,-1586.0,-1527.0,-1475.0,-1509.0,-1538.0,-1575.0,-1602.0,-1629.0,-1641.0,-1652.0,-1652.0,-1650.0,-1636.0
ANTIGUA AND BARBUDA,ATG,-1145.0,223.0,405.0,484.0,513.0,528.0,478.0,493.0,465.0,390.0,271.0,148.0,51.0,41.0,101.0,202.0,314.0,372.0,369.0,338.0,295.0,247.0,203.0,156.0,108.0,60.0,16.0,0.0,0.0,0.0,0.0
AUSTRALIA,AUS,95996.0,68867.0,34149.0,23422.0,53636.0,79727.0,82770.0,67260.0,72084.0,85011.0,109375.0,113907.0,107886.0,103907.0,109226.0,132109.0,192139.0,251231.0,278516.0,235881.0,166833.0,197748.0,235719.0,214564.0,198120.0,209466.0,242184.0,244875.0,220307.0,235860.0,117929.0
AUSTRIA,AUT,59606.0,77195.0,71035.0,33610.0,2844.0,1447.0,3969.0,1459.0,8493.0,19768.0,17531.0,39173.0,37429.0,44003.0,54907.0,50282.0,25420.0,23729.0,25499.0,17121.0,22786.0,31665.0,44891.0,56494.0,74263.0,115125.0,66282.0,45573.0,35404.0,41105.0,20314.0
AZERBAIJAN,AZE,-28017.0,-25282.0,-23316.0,-22817.0,-37037.0,-37975.0,-38092.0,-40423.0,-46097.0,5300.0,15938.0,16248.0,15071.0,13154.0,13488.0,16436.0,16909.0,17111.0,15048.0,890.0,1384.0,1688.0,1988.0,2289.0,1084.0,1084.0,1484.0,1184.0,1583.0,392.0,1084.0
BURUNDI,BDI,-39996.0,-39298.0,35771.0,-686089.0,516369.0,-84698.0,-226350.0,-84365.0,13841.0,-34507.0,-40114.0,9965.0,-16881.0,36721.0,47090.0,17913.0,15322.0,22120.0,79323.0,184361.0,11847.0,-19517.0,22613.0,-2295.0,-6856.0,-236447.0,-109490.0,-68450.0,68145.0,14241.0,-10186.0
BELGIUM,BEL,6752.0,8150.0,9952.0,12080.0,14118.0,16528.0,19272.0,22141.0,25295.0,28651.0,32262.0,35439.0,38517.0,41479.0,43994.0,46280.0,48426.0,50352.0,51937.0,53385.0,54611.0,55511.0,56227.0,56755.0,57103.0,57008.0,56781.0,56248.0,55439.0,54395.0,53428.0
BENIN,BEN,-337.0,0.0,-148.0,156226.0,-85132.0,-45474.0,-16498.0,-1326.0,2054.0,3170.0,3337.0,3730.0,3568.0,4278.0,4173.0,30492.0,-15131.0,247.0,3192.0,4272.0,3947.0,4278.0,1267.0,-899.0,3667.0,3366.0,3827.0,3716.0,3368.0,3363.0,1732.0
BURKINA FASO,BFA,-33043.0,-50568.0,-45114.0,-43888.0,-37638.0,-39033.0,-44413.0,-37277.0,-5376.0,-1926.0,3880.0,10651.0,16076.0,15362.0,17573.0,9794.0,-4220.0,-28226.0,-40782.0,-40215.0,-42128.0,-33455.0,-20961.0,-33275.0,-18009.0,-19754.0,-7603.0,-14801.0,-23971.0,-25277.0,-5665.0
BANGLADESH,BGD,-200144.0,-386852.0,-265940.0,-271146.0,-214321.0,-374788.0,-389040.0,-390261.0,-407859.0,-435710.0,-424718.0,-347605.0,-451611.0,-533925.0,-535175.0,-715970.0,-1146688.0,-923456.0,-1390782.0,-740788.0,-462265.0,-341152.0,-242022.0,-194048.0,-219628.0,-286512.0,-55013.0,-175755.0,-323380.0,-344054.0,-61154.0
BULGARIA,BGR,-29479.0,-28324.0,-27139.0,-25843.0,-24238.0,-22495.0,-20330.0,-18375.0,-16403.0,-14046.0,-11295.0,-8623.0,-6134.0,-4527.0,-4156.0,-3832.0,-3980.0,-4748.0,-5674.0,-6997.0,-8686.0,-11262.0,-13770.0,-15243.0,-15527.0,-15356.0,-14947.0,-13560.0,-12115.0,-11439.0,-9902.0
BAHRAIN,BHR,4605.0,6605.0,6728.0,6967.0,7424.0,7706.0,7844.0,7730.0,7388.0,6737.0,6264.0,5704.0,4197.0,28186.0,53424.0,53401.0,53765.0,54165.0,53870.0,52049.0,-17076.0,-20040.0,11754.0,27227.0,36320.0,29250.0,29052.0,29024.0,-3601.0,-17127.0,-48716.0
"BAHAMAS, THE",BHS,241.0,416.0,436.0,448.0,458.0,463.0,457.0,448.0,442.0,426.0,843.0,293.0,634.0,951.0,1031.0,800.0,1737.0,1728.0,1476.0,1617.0,1899.0,1384.0,1048.0,1001.0,1001.0,1001.0,1001.0,1001.0,1001.0,1001.0,0.0
BOSNIA AND HERZEGOVINA,BIH,-22827.0,-26480.0,-437223.0,-178713.0,-157677.0,126915.0,173195.0,80138.0,24341.0,25493.0,8141.0,9058.0,-13313.0,-27396.0,-68032.0,-37107.0,-38642.0,-65367.0,-68177.0,-68227.0,-67267.0,-64918.0,-66436.0,-37030.0,-35709.0,-33976.0,-32195.0,-30669.0,-29154.0,-27848.0,-26857.0
BELARUS,BLR,4246.0,4992.0,4796.0,5341.0,5091.0,3910.0,2549.0,-82.0,-3171.0,-7500.0,-10419.0,-12414.0,-13520.0,-13488.0,-12943.0,-11902.0,-9732.0,-6448.0,-2728.0,2166.0,4892.0,7578.0,9425.0,10496.0,12222.0,13681.0,15258.0,15937.0,15731.0,15082.0,13589.0
BELIZE,BLZ,-1793.0,-1698.0,-1635.0,-1525.0,-802.0,273.0,1358.0,2070.0,2152.0,1963.0,1678.0,1912.0,1977.0,2199.0,2330.0,2397.0,2598.0,2707.0,2702.0,2694.0,1644.0,1583.0,1529.0,1504.0,1452.0,1363.0,1283.0,1222.0,1185.0,1164.0,0.0
BERMUDA,BMU,-96.0,-33.0,33.0,-18.0,-3.0,-72.0,-87.0,-71.0,-165.0,-121.0,-67.0,-148.0,-127.0,-127.0,-191.0,-80.0,-182.0,-299.0,-181.0,-264.0,-216.0,-208.0,-243.0,-254.0,-233.0,-315.0,0.0,227.0,306.0,290.0,291.0
BOLIVIA,BOL,-21915.0,-22984.0,-24002.0,-24702.0,-24528.0,-23615.0,-22473.0,-21294.0,-20022.0,-18562.0,-17675.0,-16536.0,-16253.0,-15499.0,-15173.0,-14657.0,-14110.0,-13667.0,-13417.0,-13056.0,-12592.0,-12107.0,-11688.0,-11371.0,-10972.0,-10525.0,-10071.0,-9669.0,-9345.0,-8978.0,-4666.0
BRAZIL,BRA,6457.0,-30659.0,-20270.0,-21956.0,-11642.0,-26337.0,-24330.0,-20429.0,-22409.0,-26152.0,-1761.0,3453.0,6018.0,-16908.0,-5390.0,-42926.0,-34007.0,-30331.0,-35373.0,-29357.0,16843.0,33631.0,43451.0,35308.0,24940.0,4764.0,82589.0,56362.0,67934.0,69186.0,56880.0
BARBADOS,BRB,-1295.0,-643.0,-620.0,-659.0,-687.0,-752.0,-807.0,-804.0,-756.0,-588.0,-833.0,-103.0,-121.0,-145.0,-159.0,-172.0,-160.0,19.0,296.0,75.0,-36.0,-54.0,-64.0,-65.0,-65.0,-65.0,-65.0,-65.0,-65.0,-65.0,0.0
BRUNEI DARUSSALAM,BRN,1670.0,1325.0,966.0,1086.0,1215.0,1356.0,1471.0,1538.0,1565.0,1642.0,1660.0,1572.0,1504.0,1388.0,1263.0,1163.0,1027.0,877.0,710.0,569.0,468.0,-291.0,-342.0,-395.0,-444.0,-485.0,-539.0,-587.0,-638.0,-587.0,-395.0
BHUTAN,BTN,-996.0,-9000.0,-62997.0,-14002.0,-9996.0,-1497.0,-1998.0,-1994.0,492.0,5728.0,6069.0,5998.0,6015.0,6081.0,5595.0,1779.0,-958.0,-1256.0,-1399.0,-1274.0,-1190.0,-941.0,-725.0,-730.0,-870.0,-1171.0,-521.0,291.0,291.0,291.0,291.0
BOTSWANA,BWA,4144.0,4166.0,7113.0,7343.0,7567.0,7808.0,7999.0,8146.0,8203.0,8177.0,7970.0,7418.0,4964.0,4758.0,4758.0,4771.0,4798.0,4834.0,4820.0,4349.0,3562.0,1301.0,488.0,471.0,1138.0,2145.0,3129.0,3761.0,3819.0,2933.0,1816.0
CENTRAL AFRICAN REPUBLIC,CAF,2000.0,4386.0,9273.0,9935.0,9495.0,-12995.0,2701.0,2033.0,4484.0,6280.0,8082.0,-33004.0,5996.0,-18097.0,-16514.0,-13609.0,-41307.0,-30374.0,-29004.0,-28917.0,-43189.0,-86451.0,-112033.0,-112663.0,-174543.0,-63213.0,-52758.0,-58734.0,-53083.0,-36942.0,-24803.0
CANADA,CAN,145270.0,127381.0,123633.0,129514.0,132870.0,137472.0,150516.0,140171.0,126335.0,143541.0,201617.0,224357.0,206028.0,182430.0,193282.0,204710.0,202483.0,210817.0,237962.0,240878.0,227724.0,228828.0,245309.0,242475.0,195649.0,232738.0,320494.0,361274.0,417974.0,391914.0,195181.0
SWITZERLAND,CHE,58538.0,69110.0,41548.0,40015.0,29901.0,24956.0,-361.0,-2284.0,10962.0,25428.0,24066.0,35173.0,48658.0,41871.0,38681.0,32421.0,36928.0,71939.0,94153.0,69106.0,75604.0,66975.0,67464.0,83892.0,77880.0,71488.0,70637.0,45208.0,40899.0,43546.0,53786.0
CHANNEL ISLANDS,CHI,864.0,177.0,-262.0,-149.0,-389.0,-375.0,183.0,261.0,186.0,167.0,60.0,731.0,929.0,849.0,842.0,817.0,775.0,745.0,719.0,750.0,737.0,101.0,621.0,993.0,543.0,1396.0,1180.0,1429.0,2353.0,1566.0,1362.0
CHILE,CHL,-5253.0,-2214.0,17.0,1196.0,1931.0,2490.0,2980.0,3536.0,4240.0,4988.0,5790.0,6720.0,7828.0,9266.0,11515.0,14336.0,17348.0,20188.0,22516.0,24330.0,26064.0,28128.0,30925.0,36566.0,52709.0,55709.0,126525.0,214697.0,237358.0,230162.0,98439.0
CHINA,CHN,-290067.0,-757481.0,-873177.0,-749957.0,-477036.0,-625725.0,-553915.0,-501141.0,-439828.0,-492597.0,-549792.0,-485419.0,-477885.0,-527837.0,-458505.0,-519752.0,-473105.0,-438846.0,-469093.0,-350365.0,-216417.0,-147585.0,-124641.0,-137444.0,-198432.0,-155379.0,-153054.0,-180592.0,-296674.0,-302609.0,-33649.0
COTE D'IVOIRE,CIV,62979.0,64083.0,65590.0,66740.0,67090.0,66455.0,65161.0,61503.0,27375.0,-42783.0,-63877.0,-76730.0,-90581.0,-99980.0,-108973.0,-117468.0,-124792.0,-130231.0,-133857.0,-136317.0,-138260.0,-156846.0,-144173.0,-148501.0,-23011.0,-21498.0,-20148.0,-18758.0,-17190.0,-15520.0,-12301.0
CAMEROON,CMR,-8163.0,-14519.0,-13704.0,-9597.0,-12024.0,-12660.0,-12744.0,-13843.0,-12442.0,-17405.0,-21221.0,-19204.0,-10766.0,-18575.0,-19445.0,-27782.0,-28536.0,-10804.0,-10722.0,-10203.0,-9362.0,-12671.0,-7529.0,-6900.0,96607.0,42007.0,13251.0,-37910.0,-9185.0,-12254.0,-9889.0
"CONGO, DEM. REP.",COD,183750.0,86722.0,-40938.0,240181.0,1232110.0,-273443.0,-777896.0,-528084.0,-27328.0,-40434.0,-48028.0,26524.0,-17355.0,-106740.0,4255.0,20379.0,40036.0,9939.0,-11707.0,-46015.0,8823.0,40890.0,-25257.0,121103.0,36966.0,47831.0,173022.0,4350.0,-124242.0,-144916.0,-1643.0
"CONGO, REP.",COG,-400.0,1978.0,0.0,10212.0,1850.0,3746.0,1095.0,-20703.0,10500.0,2478.0,79780.0,-778.0,-16141.0,26287.0,25414.0,38337.0,35476.0,31237.0,1786.0,86016.0,12316.0,5262.0,-26640.0,-24608.0,-21600.0,-18219.0,-14788.0,-11604.0,-8858.0,-6271.0,-4465.0
COLOMBIA,COL,-17237.0,-48488.0,-29969.0,-30020.0,-16033.0,-33016.0,-28154.0,-23520.0,-25134.0,-30850.0,-31116.0,-27618.0,-24379.0,-33007.0,-25907.0,-41348.0,-39142.0,-49575.0,-63246.0,-46902.0,-34185.0,-46273.0,-55913.0,-64686.0,-67516.0,-41064.0,79978.0,415618.0,494364.0,395803.0,229437.0
COMOROS,COM,-1194.0,-1883.0,-2423.0,-2898.0,-2873.0,-2831.0,-2765.0,-2679.0,-2584.0,-3794.0,-2971.0,-2551.0,-2502.0,-3084.0,-3103.0,-2717.0,-2681.0,-2611.0,-2550.0,-2420.0,-2294.0,-2146.0,-1970.0,-1773.0,-1569.0,-1349.0,-1136.0,-2922.0,-2919.0,-2917.0,-1772.0
CABO VERDE,CPV,-3499.0,-2292.0,-1443.0,-1203.0,-1109.0,-1068.0,-1061.0,-1068.0,-1103.0,-1261.0,-2722.0,-3110.0,-3372.0,-3571.0,-3662.0,-3673.0,-3456.0,-3443.0,-3295.0,-3429.0,-1914.0,-1744.0,-1625.0,-1585.0,-1534.0,-1474.0,-1408.0,-1354.0,-1323.0,-1296.0,-1274.0
COSTA RICA,CRI,7941.0,10755.0,13075.0,14425.0,15576.0,16607.0,17391.0,17843.0,17671.0,16084.0,13590.0,10960.0,8929.0,8010.0,7458.0,7022.0,6651.0,6273.0,5833.0,5283.0,4728.0,4258.0,3983.0,3950.0,3996.0,4065.0,4150.0,4196.0,4198.0,4154.0,2084.0
CUBA,CUB,-15438.0,-20665.0,-21867.0,-24358.0,-27272.0,-28713.0,-25052.0,-34305.0,-32396.0,-30770.0,-24942.0,-22329.0,-23874.0,-19525.0,-13532.0,-11973.0,-9462.0,-14434.0,-24636.0,-30328.0,-27718.0,-28752.0,-17531.0,-15301.0,-14543.0,-14372.0,-14454.0,-14498.0,-14219.0,-13686.0,-7068.0
CURACAO,CUW,-2447.0,-2499.0,-2680.0,-2934.0,-3041.0,-3075.0,-3105.0,-3127.0,-3147.0,-3166.0,-2632.0,-966.0,556.0,1029.0,1079.0,1460.0,1535.0,1588.0,1598.0,1570.0,1499.0,1513.0,1470.0,1281.0,1065.0,844.0,647.0,535.0,25591.0,-9592.0,997.0
CAYMAN ISLANDS,CYM,1010.0,1015.0,1015.0,1028.0,1040.0,1099.0,1016.0,1009.0,1031.0,972.0,1020.0,1038.0,1075.0,1078.0,1036.0,985.0,997.0,984.0,933.0,918.0,895.0,880.0,897.0,967.0,980.0,1079.0,1077.0,1106.0,1054.0,973.0,766.0
CYPRUS,CYP,2551.0,2565.0,3587.0,11094.0,11017.0,11179.0,11197.0,11382.0,11566.0,11839.0,11577.0,12052.0,13449.0,13326.0,13126.0,13237.0,12664.0,12912.0,12489.0,12173.0,12456.0,6134.0,4789.0,4426.0,4467.0,4655.0,4878.0,5014.0,4977.0,4948.0,2999.0
CZECHIA,CZE,-4187.0,3543.0,5727.0,6639.0,6820.0,6465.0,5469.0,5670.0,5383.0,5382.0,4195.0,21486.0,26188.0,25694.0,25947.0,24895.0,25831.0,27262.0,29811.0,31317.0,34805.0,16409.0,10308.0,-1553.0,5009.0,5297.0,-300.0,2809.0,3193.0,4030.0,3621.0
GERMANY,DEU,479954.0,482849.0,470043.0,441211.0,394809.0,330244.0,246097.0,178604.0,125369.0,86982.0,60905.0,48500.0,45985.0,54381.0,73107.0,102694.0,145046.0,180746.0,211709.0,240968.0,267047.0,293051.0,317082.0,342555.0,369027.0,397921.0,432017.0,430803.0,392587.0,360560.0,334055.0
DJIBOUTI,DJI,49970.0,21510.0,-65203.0,8896.0,-15756.0,-3163.0,2650.0,13623.0,10355.0,7046.0,5627.0,7631.0,5022.0,-5634.0,-5247.0,-3779.0,2723.0,1253.0,2148.0,2770.0,2129.0,2090.0,2104.0,2033.0,1900.0,1723.0,1623.0,1535.0,1435.0,1322.0,744.0
DOMINICA,DMA,-1553.0,-1131.0,-1049.0,-1014.0,-926.0,-851.0,-784.0,-763.0,-778.0,-945.0,-994.0,-603.0,-278.0,-259.0,-304.0,-314.0,-390.0,-332.0,-347.0,-228.0,-243.0,0.0,158.0,-445.0,1445.0,-393.0,179.0,187.0,194.0,326.0,100.0
DENMARK,DNK,9449.0,10812.0,11990.0,13011.0,13723.0,14157.0,14394.0,14313.0,13972.0,13391.0,12536.0,11934.0,11518.0,11337.0,11366.0,11693.0,12217.0,13067.0,14111.0,15469.0,17037.0,18519.0,19732.0,20779.0,21670.0,22368.0,22859.0,23188.0,23337.0,23305.0,23076.0
DOMINICAN REPUBLIC,DOM,-27399.0,-29349.0,-29822.0,-30265.0,-30721.0,-29610.0,-29875.0,-30020.0,-30030.0,-30104.0,-30231.0,-30371.0,-30477.0,-30549.0,-30709.0,-30883.0,-30977.0,-30898.0,-30605.0,-30468.0,-30489.0,-30572.0,-30615.0,-30563.0,-30449.0,-30310.0,-30181.0,-30055.0,-29944.0,-29830.0,-14966.0
ALGERIA,DZA,-21641.0,-23561.0,-25186.0,-26202.0,-31916.0,-28581.0,-9849.0,14071.0,-27387.0,-12084.0,-18994.0,-25798.0,-36255.0,-39330.0,-38621.0,-111256.0,-32745.0,-37062.0,-33931.0,-33857.0,-33071.0,-34829.0,-35119.0,-35412.0,-36088.0,-36371.0,-36227.0,-36448.0,-36227.0,-36386.0,-18797.0
ECUADOR,ECU,-15159.0,-21384.0,-34721.0,-41843.0,-44398.0,-45172.0,-46046.0,-47259.0,-47999.0,-46434.0,-41899.0,-34968.0,-28089.0,-22605.0,-20921.0,-16816.0,-12621.0,-9625.0,-8776.0,-8487.0,-8315.0,-8135.0,-7832.0,-6151.0,2288.0,14740.0,27063.0,49359.0,153372.0,71801.0,35894.0
"EGYPT, ARAB REP.",EGY,6995.0,-63804.0,-41760.0,-42612.0,-11479.0,-31423.0,7378.0,14366.0,11316.0,-163.0,-2815.0,927.0,73253.0,37743.0,31302.0,-18144.0,-28511.0,-32607.0,-46339.0,-55856.0,-18831.0,158511.0,-2118.0,163449.0,5961.0,-79150.0,4132.0,-23281.0,-61050.0,-59715.0,4476.0
ERITREA,ERI,-12442.0,-328546.0,-22331.0,33686.0,-25840.0,136103.0,-52425.0,-30772.0,-32003.0,-3770.0,-33196.0,41755.0,-6571.0,76703.0,-6376.0,-12841.0,-50036.0,-18156.0,17859.0,-24355.0,-13369.0,-32992.0,-43335.0,-34025.0,-75830.0,-53049.0,-55530.0,-38636.0,-21435.0,-29849.0,-14987.0
SPAIN,ESP,-38206.0,123866.0,162339.0,162620.0,162131.0,164507.0,164247.0,166516.0,168468.0,170694.0,175213.0,185594.0,741349.0,662840.0,661105.0,632974.0,658689.0,774489.0,430778.0,130589.0,62782.0,57170.0,-144619.0,-254292.0,-94869.0,-871.0,89021.0,167475.0,339064.0,458942.0,208791.0
ESTONIA,EST,-2798.0,-9850.0,-38462.0,-25729.0,-18299.0,-12803.0,-10627.0,-4299.0,-3534.0,1271.0,-3230.0,-3422.0,-2984.0,-3780.0,-3768.0,-5242.0,-5403.0,-2862.0,-1973.0,-1939.0,-3759.0,-3929.0,-3646.0,-2650.0,-562.0,4308.0,1164.0,5329.0,7229.0,5410.0,2995.0
ETHIOPIA,ETH,296018.0,859739.0,160103.0,141549.0,140715.0,91538.0,41345.0,-9120.0,-3002.0,29118.0,-49892.0,-19067.0,-12921.0,-13744.0,-25428.0,-44423.0,-30511.0,-389.0,-20776.0,16319.0,80213.0,116793.0,119512.0,80953.0,103119.0,62784.0,115812.0,71769.0,9309.0,-10803.0,38867.0
FINLAND,FIN,8864.0,14401.0,9296.0,8887.0,3688.0,4250.0,3612.0,5014.0,3887.0,3532.0,2428.0,6395.0,5250.0,6039.0,6872.0,9406.0,10801.0,13940.0,15579.0,14757.0,14053.0,16712.0,17620.0,18026.0,15950.0,12433.0,17210.0,13307.0,11646.0,15558.0,17482.0
FIJI,FJI,-10612.0,-16491.0,-14646.0,-14927.0,-15170.0,-14575.0,-9085.0,-6530.0,-5711.0,-5926.0,-6081.0,-6207.0,-6349.0,-6513.0,-6639.0,-6729.0,-7016.0,-8101.0,-9625.0,-10445.0,-10666.0,-10836.0,-10945.0,-11000.0,-11023.0,-11047.0,-11139.0,-11605.0,-11738.0,-11865.0,-6003.0
FRANCE,FRA,11404.0,4385.0,740.0,235.0,4295.0,11505.0,23046.0,37822.0,56608.0,77667.0,102857.0,122247.0,137513.0,148696.0,154947.0,155943.0,151814.0,142170.0,128627.0,108940.0,86355.0,65188.0,49080.0,36552.0,26585.0,18807.0,14729.0,13175.0,14391.0,17403.0,18335.0
FAROE ISLANDS,FRO,-1147.0,-1169.0,-1188.0,-1274.0,-1249.0,97.0,96.0,96.0,156.0,116.0,332.0,396.0,369.0,317.0,390.0,-151.0,-187.0,-156.0,-162.0,-159.0,-116.0,-109.0,-149.0,-118.0,-111.0,542.0,537.0,622.0,653.0,580.0,498.0
"MICRONESIA, FED. STS.",FSM,-995.0,-995.0,235.0,284.0,-470.0,-2425.0,-2604.0,-2735.0,-2815.0,-2995.0,-2688.0,-2733.0,-2816.0,-2974.0,-3038.0,-3055.0,-3133.0,-3123.0,-3069.0,-2971.0,-1799.0,-1719.0,-1633.0,-1561.0,-1482.0,-1415.0,-1348.0,-1283.0,-1283.0,-1283.0,-635.0
GABON,GAB,995.0,995.0,995.0,1013.0,1122.0,1323.0,1560.0,1795.0,2050.0,2480.0,3086.0,3802.0,4579.0,5435.0,6827.0,8555.0,10386.0,12047.0,13448.0,15277.0,17266.0,18969.0,19971.0,19581.0,16566.0,12041.0,7395.0,4019.0,2893.0,2230.0,1514.0
UNITED KINGDOM,GBR,-701.0,3255.0,10003.0,20837.0,33409.0,48732.0,66293.0,86309.0,108637.0,133216.0,161157.0,186701.0,210510.0,230387.0,247447.0,261300.0,272651.0,279808.0,283762.0,284800.0,281588.0,277521.0,272601.0,268067.0,261389.0,254218.0,246940.0,239014.0,230577.0,221179.0,211063.0
GEORGIA,GEO,-108964.0,-111959.0,-121649.0,-154787.0,-147547.0,-130196.0,-134001.0,-133253.0,-127967.0,-131772.0,-135044.0,-110972.0,-58530.0,-31080.0,-30611.0,-31214.0,-31733.0,-32140.0,-32462.0,-32758.0,-24663.0,-25975.0,-26510.0,-27185.0,-16045.0,-13317.0,-10591.0,-7886.0,-5174.0,-5414.0,-2734.0
GHANA,GHA,-46822.0,-57922.0,-47772.0,-49825.0,-47170.0,-42594.0,-37148.0,-15423.0,-17583.0,-17306.0,-4208.0,36057.0,40580.0,28764.0,34434.0,21273.0,28539.0,32815.0,30509.0,22415.0,-3724.0,-733.0,1008.0,-2388.0,-6316.0,-13308.0,7014.0,-4914.0,-19374.0,-21860.0,-297.0
GIBRALTAR,GIB,-666.0,-526.0,-60.0,-122.0,-134.0,-150.0,-186.0,-187.0,-167.0,-157.0,-147.0,-215.0,312.0,318.0,319.0,328.0,323.0,333.0,300.0,299.0,325.0,270.0,298.0,-101.0,-101.0,-101.0,-101.0,-58.0,-58.0,-58.0,-58.0
GUINEA,GIN,107641.0,66718.0,-3292.0,45616.0,-8824.0,18021.0,-4973.0,-107718.0,-30939.0,-46248.0,-77558.0,-155276.0,-33495.0,-36982.0,-56110.0,-71104.0,-48145.0,-34349.0,-32957.0,-34050.0,-31352.0,-29092.0,-32842.0,-29151.0,-22750.0,-15127.0,-14196.0,-13726.0,-9195.0,-3243.0,-4364.0
"GAMBIA, THE",GMB,11239.0,11531.0,9180.0,3130.0,-1591.0,-2800.0,-2951.0,-3099.0,-3291.0,-3486.0,-3676.0,-3876.0,-4068.0,-3717.0,-3632.0,-3204.0,-2667.0,-2325.0,-2203.0,-2267.0,-2464.0,-2363.0,-2342.0,-2486.0,-2797.0,-3224.0,-3477.0,-3694.0,-3936.0,-4186.0,-1960.0
GUINEA-BISSAU,GNB,-8150.0,1621.0,7531.0,8562.0,3174.0,-4376.0,-7369.0,-8176.0,-8163.0,-7686.0,-6971.0,-6239.0,-5712.0,-5487.0,-5144.0,-4662.0,-4142.0,-3676.0,-3313.0,-2821.0,-2257.0,-1760.0,-1442.0,-1395.0,-1393.0,-1393.0,-1392.0,-1398.0,-1396.0,-1395.0,-1394.0
EQUATORIAL GUINEA,GNQ,3506.0,3636.0,3865.0,4175.0,4666.0,5300.0,6001.0,6690.0,7300.0,7844.0,15352.0,15084.0,14757.0,14544.0,14733.0,15549.0,16885.0,18437.0,19930.0,21233.0,22033.0,17606.0,17859.0,18105.0,18051.0,17694.0,17109.0,16395.0,15583.0,14695.0,0.0
GREECE,GRC,74412.0,74993.0,73934.0,73303.0,71421.0,69212.0,65364.0,60474.0,54245.0,46164.0,35798.0,24607.0,15717.0,7095.0,-1102.0,-7559.0,-13700.0,-18697.0,-21969.0,-23831.0,-25002.0,-26257.0,-30036.0,-31535.0,-30228.0,-29315.0,-27234.0,-25061.0,-23600.0,-21581.0,-17853.0
GRENADA,GRD,-1998.0,-698.0,-717.0,-691.0,-750.0,-809.0,-872.0,-915.0,-676.0,-582.0,-586.0,-736.0,-924.0,-245.0,-306.0,-369.0,-417.0,-447.0,-455.0,-459.0,-453.0,-292.0,-204.0,-190.0,-190.0,-190.0,-190.0,-190.0,-190.0,-190.0,0.0
GREENLAND,GRL,-672.0,-719.0,-787.0,-734.0,-712.0,-448.0,-475.0,-515.0,-501.0,-543.0,-264.0,-308.0,-342.0,-337.0,-349.0,-505.0,-514.0,-534.0,-563.0,-573.0,-443.0,-450.0,-457.0,-490.0,-529.0,-348.0,-374.0,-383.0,-357.0,-338.0,-150.0
GUATEMALA,GTM,-30399.0,-40877.0,-36236.0,-36822.0,-33463.0,-39890.0,-43474.0,-43356.0,-44059.0,-49731.0,-66153.0,-59249.0,-55245.0,-54666.0,-47399.0,-49600.0,-42071.0,-40617.0,-42607.0,-43051.0,-36072.0,-33204.0,-32572.0,-35666.0,-40409.0,-48162.0,-39266.0,-48049.0,-56884.0,-58095.0,-23142.0
GUAM,GUM,-570.0,-585.0,-652.0,-728.0,-779.0,-829.0,-957.0,-1030.0,-1096.0,-1039.0,-1566.0,-1898.0,-1754.0,-2044.0,-2368.0,-2333.0,-2669.0,-2874.0,-2933.0,-2933.0,-1850.0,-1852.0,-1850.0,-1852.0,-1852.0,-1852.0,-1852.0,-1852.0,-1850.0,-1852.0,-244.0
GUYANA,GUY,-21639.0,-15526.0,-13467.0,-13075.0,-13197.0,-13242.0,-13275.0,-13282.0,-13251.0,-13212.0,-13176.0,-13060.0,-12758.0,-12523.0,-12657.0,-13000.0,-13328.0,-13629.0,-13886.0,-14130.0,-14327.0,-14512.0,-7152.0,-6912.0,-6715.0,-6524.0,-6311.0,-6110.0,30080.0,-24678.0,802.0
"HONG KONG SAR, CHINA",HKG,42265.0,41059.0,37125.0,34299.0,31030.0,30241.0,70506.0,78095.0,74928.0,68094.0,60719.0,32287.0,21654.0,18790.0,10103.0,75.0,12583.0,31280.0,26820.0,20910.0,10584.0,25348.0,36188.0,24760.0,22372.0,13061.0,0.0,0.0,0.0,0.0,0.0
HONDURAS,HND,-15350.0,-15507.0,-15585.0,-15559.0,-15246.0,-14711.0,-14049.0,-13343.0,-12638.0,-11757.0,-10762.0,-9749.0,-8815.0,-7986.0,-7082.0,-6187.0,-5451.0,-5039.0,-5039.0,-5196.0,-5418.0,-5664.0,-5896.0,-6094.0,-6302.0,-6512.0,-6685.0,-6782.0,-6768.0,-6550.0,-6199.0
CROATIA,HRV,-7183.0,-47995.0,-34344.0,29470.0,27267.0,-52246.0,-48626.0,-53064.0,-48299.0,-48578.0,-50791.0,-17581.0,-12562.0,-8641.0,-5673.0,-3834.0,-2720.0,-2207.0,-2613.0,-3675.0,-5624.0,-8241.0,-10440.0,-11833.0,-12849.0,-13408.0,-13569.0,-13654.0,-13171.0,-12480.0,-11592.0
HAITI,HTI,-26101.0,-26326.0,-26514.0,-26640.0,-26862.0,-27130.0,-27373.0,-27515.0,-27495.0,-27334.0,-27098.0,-26837.0,-26642.0,-26534.0,-26422.0,-26304.0,-26641.0,-27017.0,-27644.0,-27949.0,-28437.0,-29049.0,-29679.0,-30347.0,-31416.0,-32698.0,-33902.0,-34766.0,-35007.0,-34635.0,-33872.0
HUNGARY,HUN,17545.0,19281.0,17604.0,17225.0,17065.0,16934.0,16527.0,16324.0,15643.0,14610.0,15478.0,9927.0,2412.0,14182.0,16803.0,16615.0,20926.0,14398.0,16664.0,19182.0,11394.0,889.0,16048.0,5296.0,11571.0,14166.0,-982.0,18044.0,31976.0,33559.0,9042.0
INDONESIA,IDN,11542.0,3096.0,-2608.0,-3474.0,-2576.0,-1651.0,-1856.0,-4332.0,-11356.0,-28804.0,-42697.0,-64261.0,-83985.0,-97733.0,-102669.0,-102380.0,-101108.0,-103121.0,-108492.0,-98211.0,-77010.0,-54051.0,-38499.0,-36670.0,-37324.0,-37991.0,-38653.0,-39282.0,-39878.0,-40567.0,-24999.0
ISLE OF MAN,IMN,1266.0,761.0,530.0,561.0,461.0,469.0,877.0,1021.0,984.0,1061.0,978.0,847.0,779.0,784.0,731.0,684.0,765.0,780.0,748.0,676.0,663.0,7.0,-244.0,-276.0,-276.0,-231.0,107.0,275.0,272.0,239.0,235.0
INDIA,IND,108465.0,-158007.0,8198.0,2440.0,110095.0,-57139.0,-26079.0,1240.0,-28485.0,-106592.0,-149966.0,-177306.0,-208070.0,-255516.0,-214351.0,-550186.0,-678231.0,-769184.0,-846785.0,-803437.0,-380087.0,-244114.0,-180991.0,-236387.0,-310694.0,-475094.0,68119.0,-219656.0,-561563.0,-593495.0,-34772.0
IRELAND,IRL,-8183.0,5097.0,1544.0,-3195.0,-2940.0,10186.0,9856.0,17948.0,16726.0,23375.0,31230.0,39480.0,34478.0,32763.0,49526.0,64192.0,94996.0,77427.0,19349.0,-18556.0,-27110.0,-26351.0,-22002.0,-12015.0,714.0,13130.0,18978.0,29200.0,33647.0,29113.0,15320.0
"IRAN, ISLAMIC REP.",IRN,1375419.0,194979.0,-203400.0,-1595940.0,-197490.0,-120114.0,7728.0,198135.0,288994.0,277986.0,394594.0,393336.0,-568950.0,370945.0,369535.0,323987.0,252053.0,139826.0,90815.0,99224.0,127703.0,-150029.0,19635.0,23351.0,653255.0,628310.0,23759.0,7709.0,-29981.0,-34571.0,-156669.0
IRAQ,IRQ,-601469.0,-95155.0,20292.0,581818.0,54355.0,40424.0,14652.0,15429.0,48446.0,69491.0,87624.0,14451.0,133839.0,-27236.0,69948.0,51019.0,-1204180.0,-836565.0,406488.0,120311.0,107297.0,281089.0,767449.0,491588.0,10514.0,-19490.0,-75580.0,-9899.0,6660.0,-29880.0,71539.0
ICELAND,ISL,-969.0,1141.0,-227.0,-211.0,-817.0,-1413.0,-530.0,197.0,1006.0,1156.0,1874.0,856.0,-346.0,-223.0,611.0,3918.0,5295.0,5247.0,1122.0,-4793.0,-2077.0,-1427.0,-304.0,1648.0,1116.0,1477.0,4113.0,8316.0,6611.0,5152.0,2573.0
ISRAEL,ISR,57467.0,58649.0,58407.0,57436.0,54473.0,50609.0,45033.0,39354.0,34794.0,30680.0,27257.0,23407.0,20672.0,17619.0,15542.0,13756.0,12464.0,10792.0,9587.0,7978.0,9580.0,9605.0,9909.0,10650.0,10836.0,12049.0,13263.0,14518.0,15615.0,16132.0,16569.0
ITALY,ITA,21268.0,20830.0,27442.0,27613.0,24764.0,28851.0,54527.0,51034.0,42190.0,39982.0,49166.0,47084.0,222527.0,478254.0,417189.0,250910.0,210398.0,485871.0,413349.0,280126.0,270043.0,195257.0,249033.0,154366.0,50102.0,34031.0,49591.0,70475.0,75863.0,21615.0,28021.0
JAMAICA,JAM,-26080.0,-24007.0,-22430.0,-21726.0,-20957.0,-20084.0,-19290.0,-18758.0,-18619.0,-18545.0,-18500.0,-18461.0,-18427.0,-18382.0,-18261.0,-18072.0,-17846.0,-17588.0,-17188.0,-15946.0,-14244.0,-12578.0,-11494.0,-11329.0,-11329.0,-11329.0,-11329.0,-11329.0,-11329.0,-11329.0,0.0
JORDAN,JOR,66103.0,75826.0,85370.0,81580.0,61531.0,27992.0,-2650.0,-23017.0,-27035.0,-27528.0,-26074.0,-22895.0,-18467.0,-11700.0,7979.0,3500.0,502609.0,-18108.0,767.0,-49687.0,4872.0,7057.0,-146181.0,776237.0,803008.0,490844.0,49192.0,41956.0,33554.0,28963.0,18092.0
JAPAN,JPN,26291.0,31126.0,34064.0,39228.0,41331.0,38572.0,41491.0,46477.0,56577.0,72925.0,84477.0,93257.0,102260.0,119257.0,135835.0,153248.0,160536.0,163068.0,158396.0,159210.0,148460.0,139793.0,137344.0,134721.0,139401.0,150215.0,156993.0,164070.0,177470.0,183953.0,87584.0
KAZAKHSTAN,KAZ,-108425.0,-104305.0,-221599.0,-292647.0,-520043.0,-412725.0,-427681.0,-436232.0,-448726.0,-165312.0,-43423.0,-28743.0,-13939.0,-3565.0,9413.0,22958.0,34582.0,13172.0,2198.0,8215.0,23234.0,14829.0,9046.0,8121.0,-6299.0,-12253.0,-7445.0,-15903.0,-31760.0,-37080.0,-12432.0
KENYA,KEN,-11341.0,-60109.0,-43097.0,-61086.0,-40371.0,-75544.0,-79310.0,-80488.0,-70048.0,-13257.0,5407.0,55052.0,10426.0,24180.0,31530.0,5496.0,15763.0,-11496.0,29607.0,7098.0,-21076.0,-44800.0,-42929.0,-57630.0,-72415.0,-95981.0,-29727.0,-68704.0,-115434.0,-61946.0,-17106.0
KYRGYZ REPUBLIC,KGZ,-37094.0,-35023.0,-65295.0,-103695.0,-22162.0,-17460.0,-9253.0,-3550.0,-2405.0,-7985.0,-21139.0,-24266.0,-25320.0,-15369.0,-17310.0,-27130.0,-30824.0,-50440.0,-37801.0,-29651.0,-52547.0,-46841.0,-41524.0,-37188.0,-32933.0,-29468.0,-25279.0,-27796.0,-30717.0,-34270.0,-14307.0
CAMBODIA,KHM,56166.0,58256.0,272116.0,187905.0,10910.0,-8706.0,4674.0,-4720.0,12616.0,-2813.0,-4248.0,-4005.0,-3837.0,-7286.0,-5883.0,-11435.0,-10451.0,-9890.0,-34409.0,-48418.0,-43068.0,-42942.0,-43999.0,-46754.0,-48942.0,-52272.0,-40577.0,-45720.0,-51685.0,-55607.0,-22308.0
KIRIBATI,KIR,-445.0,-743.0,-901.0,-925.0,-931.0,-847.0,-693.0,-633.0,-646.0,-643.0,-513.0,-258.0,-131.0,-130.0,-139.0,-226.0,-335.0,-399.0,-411.0,-451.0,-619.0,-850.0,-949.0,-955.0,-977.0,-853.0,-838.0,-811.0,-776.0,-691.0,-296.0
ST. KITTS AND NEVIS,KNA,-861.0,-240.0,155.0,157.0,165.0,143.0,150.0,122.0,147.0,173.0,248.0,-5.0,-195.0,-214.0,-228.0,-222.0,-205.0,-192.0,-174.0,-171.0,-160.0,0.0,-191.0,-191.0,-191.0,-191.0,-191.0,-191.0,-191.0,-191.0,-191.0
"KOREA, REP.",KOR,69252.0,-279446.0,-272320.0,-244650.0,-235658.0,-230292.0,-122607.0,-125395.0,-113294.0,-110955.0,-72624.0,-26859.0,-13515.0,-22385.0,-33556.0,-36504.0,-28341.0,-39728.0,-20513.0,4715.0,56092.0,259829.0,275552.0,288205.0,296280.0,266322.0,102075.0,112523.0,118642.0,110799.0,0.0
KUWAIT,KWT,-1196051.0,460628.0,52620.0,-44820.0,-42817.0,1693.0,20602.0,20792.0,20819.0,20438.0,19193.0,17088.0,14550.0,11232.0,7427.0,68878.0,96486.0,94844.0,93141.0,90945.0,94736.0,191544.0,191164.0,190228.0,-84910.0,259114.0,-90785.0,140685.0,144967.0,9088.0,-254177.0
LAO PDR,LAO,-3100.0,-5393.0,-7501.0,-9394.0,-11792.0,-14290.0,-16589.0,-32327.0,-34039.0,-36679.0,-34009.0,-33600.0,-33635.0,-36615.0,-40174.0,-24171.0,-24639.0,-26808.0,-27282.0,-27999.0,-27446.0,-27661.0,-26451.0,-25256.0,-25666.0,-12995.0,-11401.0,-10400.0,-10303.0,-10303.0,-10303.0
LEBANON,LBN,-6595.0,1159.0,-970.0,-5196.0,-4850.0,2634.0,3164.0,1313.0,1062.0,2589.0,455.0,-1094.0,-21543.0,1674.0,4974.0,1224.0,25126.0,27944.0,430.0,-2700.0,-40915.0,2246.0,124428.0,733504.0,301113.0,-223722.0,-228173.0,-230947.0,-233520.0,-237572.0,-115146.0
LIBERIA,LBR,-712546.0,78052.0,56210.0,7300.0,-121407.0,54372.0,-37922.0,281480.0,99203.0,53643.0,-2060.0,7142.0,-23110.0,-103564.0,-1001.0,101019.0,77946.0,65306.0,17405.0,1193.0,2848.0,91983.0,-25708.0,-21995.0,-26692.0,-15195.0,-26822.0,-24830.0,-23226.0,-19697.0,-10119.0
LIBYA,LBY,947.0,904.0,843.0,426.0,-1762.0,-5066.0,-8448.0,-10908.0,-11479.0,-10203.0,31970.0,31097.0,35582.0,39618.0,42112.0,41035.0,3351.0,12641.0,15257.0,11670.0,9613.0,-862825.0,5211.0,25760.0,-1712.0,-7660.0,-5081.0,9208.0,5835.0,-1352.0,-696.0
ST. LUCIA,LCA,-1211.0,-1072.0,-737.0,-905.0,-1001.0,-1071.0,-1077.0,-1013.0,-878.0,-621.0,-773.0,-556.0,-240.0,-182.0,-118.0,-88.0,-78.0,-27.0,59.0,200.0,438.0,181.0,11.0,0.0,0.0,0.0,0.0,0.0,0.0,0.0,0.0
LIECHTENSTEIN,LIE,217.0,227.0,233.0,262.0,230.0,288.0,247.0,260.0,204.0,207.0,208.0,110.0,142.0,153.0,114.0,141.0,126.0,124.0,94.0,120.0,86.0,167.0,187.0,195.0,173.0,141.0,175.0,172.0,193.0,178.0,189.0
SRI LANKA,LKA,-36199.0,-42400.0,-48501.0,-54206.0,-63104.0,-73695.0,-83689.0,-90691.0,-92990.0,-92896.0,-91900.0,-15604.0,-20309.0,-20932.0,-1028.0,-36955.0,-23795.0,-19572.0,-11557.0,5484.0,-26603.0,-13277.0,-97095.0,-97189.0,-97807.0,-98598.0,-98896.0,-98598.0,-97100.0,-94897.0,-92400.0
LESOTHO,LSO,-12891.0,-13676.0,-14381.0,-15018.0,-15511.0,-16279.0,-17727.0,-20220.0,-21347.0,-22483.0,-23572.0,-24606.0,-25582.0,-26420.0,-27129.0,-22692.0,-11085.0,-9748.0,-3102.0,-4626.0,-6204.0,-6852.0,-6827.0,-6452.0,-5466.0,-4129.0,-3861.0,-3327.0,-3234.0,-2989.0,-1490.0
LITHUANIA,LTU,-7205.0,-10338.0,-13235.0,-15569.0,-18110.0,-20394.0,-22642.0,-25088.0,-27099.0,-29076.0,-31240.0,-33177.0,-33905.0,-34848.0,-35427.0,-35453.0,-34885.0,-33813.0,-32451.0,-30706.0,-28864.0,-26445.0,-24664.0,-22781.0,-20883.0,-18912.0,-17334.0,-15937.0,-14451.0,-13398.0,-12625.0
LUXEMBOURG,LUX,3925.0,3994.0,3934.0,3963.0,3753.0,4225.0,3567.0,3594.0,3724.0,4642.0,4407.0,3339.0,2684.0,5400.0,4482.0,6190.0,5568.0,6185.0,7960.0,6745.0,7793.0,10787.0,10251.0,10553.0,11181.0,11373.0,12535.0,9563.0,10096.0,10365.0,6952.0
LATVIA,LVA,-10252.0,-13008.0,-15314.0,-17257.0,-18818.0,-20017.0,-20842.0,-21349.0,-21441.0,-21131.0,-20514.0,-19909.0,-19291.0,-18671.0,-18142.0,-17620.0,-17116.0,-16590.0,-15933.0,-15152.0,-14321.0,-13447.0,-12981.0,-12505.0,-11830.0,-11163.0,-10340.0,-9498.0,-8632.0,-7903.0,-7381.0
"MACAO SAR, CHINA",MAC,7443.0,6206.0,3407.0,3464.0,3516.0,3740.0,3885.0,4068.0,4115.0,4227.0,4134.0,6581.0,11276.0,11452.0,11508.0,11407.0,11402.0,11333.0,11325.0,11257.0,11168.0,9169.0,6156.0,6050.0,6034.0,6465.0,6962.0,7727.0,8219.0,8578.0,8441.0
ST. MARTIN (FRENCH PART),MAF,2.0,-512.0,-554.0,-603.0,-651.0,-704.0,-760.0,-827.0,-899.0,-392.0,159.0,158.0,161.0,158.0,158.0,150.0,128.0,98.0,52.0,-9.0,-447.0,-857.0,-962.0,-1013.0,-865.0,-662.0,-734.0,-816.0,-1356.0,-949.0,-949.0
MOROCCO,MAR,-104908.0,-130743.0,-118907.0,-121197.0,-115414.0,-97336.0,-98110.0,-95238.0,-94306.0,-91664.0,-90376.0,-84706.0,-91645.0,-108908.0,-66711.0,-58941.0,-72241.0,-73718.0,-78864.0,-82207.0,-70490.0,-67369.0,-65136.0,-67026.0,-72062.0,-81202.0,-57256.0,-71807.0,-89007.0,-91959.0,-33807.0
MONACO,MCO,347.0,328.0,325.0,322.0,306.0,290.0,287.0,291.0,260.0,163.0,16.0,-65.0,-61.0,-73.0,-106.0,-137.0,-180.0,-229.0,318.0,795.0,823.0,858.0,955.0,960.0,988.0,1019.0,416.0,416.0,416.0,416.0,206.0
MOLDOVA,MDA,-14931.0,-16473.0,-17859.0,-19258.0,-21551.0,-25033.0,-29171.0,-34189.0,-40503.0,-47481.0,-44421.0,-46128.0,-46960.0,-49890.0,-40505.0,-51269.0,-68092.0,-69289.0,-70166.0,-70926.0,-86459.0,-88796.0,-91035.0,-90637.0,-67173.0,-59404.0,-51633.0,-43868.0,-36088.0,-28328.0,-14278.0
MADAGASCAR,MDG,-1792.0,-1751.0,-1901.0,485.0,485.0,485.0,485.0,485.0,485.0,485.0,485.0,485.0,485.0,485.0,485.0,485.0,485.0,485.0,485.0,485.0,485.0,485.0,485.0,485.0,485.0,485.0,485.0,485.0,485.0,-1487.0,-742.0
MALDIVES,MDV,-243.0,-236.0,-304.0,-382.0,-538.0,-518.0,-662.0,-628.0,-732.0,-731.0,133.0,547.0,542.0,439.0,402.0,195.0,4945.0,6106.0,5931.0,5992.0,6244.0,6504.0,6660.0,6794.0,12535.0,12526.0,12191.0,11665.0,10578.0,6690.0,1134.0
MEXICO,MEX,-286584.0,-319832.0,-298907.0,-316437.0,-276896.0,-313979.0,-320872.0,-312542.0,-302976.0,-335401.0,-356430.0,-348349.0,-324106.0,-332396.0,-270797.0,-318048.0,-312270.0,-309663.0,-321847.0,-289132.0,-41156.0,4184.0,-48160.0,-101719.0,-100413.0,-82173.0,33094.0,-12438.0,-99430.0,-47764.0,-9949.0
MARSHALL ISLANDS,MHL,-593.0,-629.0,-654.0,-687.0,-723.0,-743.0,-754.0,-756.0,-767.0,-1043.0,-1323.0,-1442.0,-1532.0,-1595.0,-1627.0,-1637.0,-1647.0,-1662.0,-1641.0,-1544.0,-1415.0,-1901.0,-1901.0,-1901.0,-1901.0,-1901.0,-1901.0,-1901.0,-1901.0,-1901.0,-1901.0
NORTH MACEDONIA,MKD,-16174.0,-35899.0,-34300.0,-36691.0,-21003.0,-3605.0,-394.0,-470.0,-591.0,5809.0,5516.0,7328.0,-2858.0,-2880.0,-2638.0,-2250.0,-1858.0,-1558.0,-1454.0,-1478.0,-1578.0,-1690.0,-1758.0,-1737.0,-1597.0,-1378.0,-1164.0,-1018.0,-1000.0,-987.0,-486.0
MALI,MLI,-68856.0,-77380.0,-70975.0,-68995.0,-63686.0,-67932.0,-68134.0,-56107.0,-30323.0,-21740.0,-17423.0,-12530.0,-8926.0,-11780.0,-10805.0,-17436.0,-18275.0,-19966.0,-24538.0,-34428.0,-34523.0,-43216.0,-140747.0,-41013.0,-50149.0,-48947.0,-30294.0,-33995.0,-40761.0,-44428.0,-14978.0
MALTA,MLT,606.0,726.0,860.0,1049.0,1296.0,1530.0,1489.0,1608.0,1748.0,1804.0,1799.0,1687.0,1507.0,1238.0,872.0,456.0,183.0,350.0,918.0,1774.0,3049.0,4806.0,6167.0,7348.0,8474.0,9443.0,10239.0,10836.0,11180.0,11247.0,10854.0
MYANMAR,MMR,-40864.0,-79081.0,-80697.0,-83251.0,-71386.0,-75127.0,-65800.0,-58984.0,-62299.0,-81905.0,-106816.0,-131190.0,-150317.0,-165833.0,-169843.0,-185133.0,-186225.0,-185117.0,-180646.0,-158651.0,-116543.0,-82753.0,-61554.0,-62882.0,-74923.0,-94128.0,-87935.0,-105438.0,-114634.0,-100810.0,-66228.0
MONTENEGRO,MNE,-1762.0,-1996.0,-2886.0,-2949.0,-2916.0,-3124.0,-3026.0,-3126.0,-3410.0,-3797.0,-4423.0,-3408.0,-3174.0,-3253.0,-1848.0,-1986.0,-2523.0,-2903.0,-3191.0,-3268.0,-2017.0,0.0,-634.0,-993.0,-1742.0,-1943.0,-2111.0,-1980.0,-2024.0,-1636.0,-1326.0
MONGOLIA,MNG,-11026.0,-10556.0,-9002.0,-7672.0,-8114.0,-8617.0,-8034.0,-8257.0,-8915.0,-8519.0,-10833.0,-9448.0,-8311.0,-7755.0,-8142.0,-8663.0,-10827.0,-11805.0,-11683.0,-9646.0,-8592.0,-1248.0,-2156.0,-1527.0,813.0,3932.0,7470.0,10802.0,11426.0,10664.0,0.0
NORTHERN MARIANA ISLANDS,MNP,-286.0,-1406.0,-1550.0,-1553.0,-1513.0,784.0,6015.0,6329.0,6378.0,6320.0,-1149.0,-3749.0,-3923.0,-4069.0,-4233.0,-4365.0,-4415.0,-4370.0,-4207.0,-3995.0,-3917.0,-918.0,-914.0,-906.0,-884.0,-866.0,-852.0,-830.0,-817.0,-806.0,-431.0
MOZAMBIQUE,MOZ,-97330.0,-95107.0,-110878.0,158569.0,502417.0,72493.0,66949.0,-55158.0,-54854.0,-62292.0,-58468.0,-51429.0,-44909.0,-48338.0,-40129.0,-52323.0,-48812.0,-44273.0,-62180.0,-60999.0,-29343.0,-8820.0,10389.0,22477.0,31611.0,30414.0,77168.0,14804.0,-12765.0,-17639.0,11745.0
MAURITANIA,MRT,-3002.0,-2998.0,34504.0,6215.0,5305.0,-22996.0,-28880.0,-8191.0,-8513.0,-2998.0,-2997.0,-21099.0,-18933.0,-19137.0,-19075.0,-18723.0,-18058.0,-17078.0,-8361.0,-2553.0,3637.0,9340.0,14070.0,-2987.0,-2984.0,-3018.0,-3009.0,-3001.0,-2987.0,-3018.0,-1494.0
MAURITIUS,MUS,-1646.0,-1454.0,-1343.0,-1305.0,-1284.0,-1305.0,-1349.0,-1455.0,-1576.0,-1882.0,-2522.0,-3145.0,-3357.0,-3347.0,-3288.0,-3221.0,-3166.0,-3141.0,-3127.0,-3146.0,-3194.0,-3520.0,-3327.0,-3131.0,-2932.0,-2747.0,-2558.0,-2381.0,-2209.0,-1034.0,-478.0
MALAWI,MWI,71114.0,15292.0,37143.0,-284877.0,-505381.0,-66368.0,-66214.0,-61647.0,-39492.0,-34028.0,-29032.0,-28658.0,-30010.0,-31699.0,-32211.0,-31428.0,-29400.0,-22662.0,-9242.0,-8588.0,-9321.0,-12133.0,-13506.0,-12899.0,-10309.0,-6449.0,-5498.0,-4795.0,-3706.0,-2228.0,-1775.0
MALAYSIA,MYS,94487.0,81545.0,88349.0,88952.0,100207.0,94297.0,102218.0,113370.0,119482.0,124435.0,174011.0,198361.0,224999.0,226003.0,244359.0,245376.0,251101.0,247032.0,217538.0,194571.0,114491.0,115314.0,113421.0,102150.0,94785.0,80603.0,97737.0,78257.0,60604.0,60824.0,57483.0
NAMIBIA,NAM,3969.0,309.0,2487.0,5464.0,5578.0,5712.0,5866.0,6023.0,6180.0,6333.0,5709.0,2869.0,-1913.0,-6153.0,-7192.0,-8195.0,-8792.0,-8905.0,-8775.0,-8626.0,-8518.0,-8639.0,-8596.0,-8580.0,-8607.0,-8596.0,-8596.0,-8597.0,-8596.0,-8596.0,-4301.0
NEW CALEDONIA,NCL,953.0,1025.0,1037.0,1057.0,1089.0,1072.0,979.0,901.0,901.0,938.0,969.0,1001.0,1022.0,928.0,543.0,83.0,572.0,582.0,580.0,1005.0,1709.0,1756.0,1793.0,1860.0,510.0,-2230.0,-2346.0,-2389.0,-2386.0,-2336.0,-1182.0
NIGER,NER,84.0,-1513.0,-2266.0,-2277.0,-966.0,3837.0,-8065.0,-13699.0,-7303.0,-12054.0,-8533.0,-8668.0,-9560.0,-8855.0,-9082.0,-9710.0,-10071.0,-10086.0,-9853.0,-9028.0,-8045.0,-6953.0,18714.0,-2551.0,3883.0,17051.0,14833.0,-6827.0,-3816.0,-15787.0,-4403.0
NIGERIA,NGA,107212.0,12661.0,63692.0,60446.0,98121.0,43504.0,54743.0,67109.0,62195.0,41275.0,34146.0,37267.0,39619.0,4194.0,16528.0,-46749.0,-41526.0,-38960.0,-43402.0,-48397.0,18073.0,38226.0,41741.0,10588.0,-49351.0,-145917.0,-54315.0,15016.0,-81384.0,-103989.0,-4824.0
NICARAGUA,NIC,-24283.0,-24030.0,-24173.0,-24094.0,-24774.0,-25888.0,-35212.0,-36845.0,-38264.0,-40098.0,-42092.0,-43839.0,-44899.0,-44933.0,-44221.0,-33283.0,-32274.0,-31360.0,-30675.0,-29914.0,-29081.0,-28224.0,-27388.0,-26589.0,-25571.0,-24359.0,-23081.0,-21841.0,-20739.0,-19733.0,-10384.0
NETHERLANDS,NLD,32373.0,35486.0,37760.0,38984.0,39389.0,38760.0,37200.0,34673.0,31182.0,26897.0,21650.0,17665.0,14789.0,13122.0,12819.0,13610.0,15632.0,18739.0,23206.0,28780.0,35628.0,41782.0,46924.0,51268.0,54876.0,57677.0,59528.0,60585.0,60758.0,60266.0,58816.0
NORWAY,NOR,1895.0,8076.0,10216.0,12589.0,7652.0,6522.0,5756.0,9777.0,13331.0,19147.0,9789.0,7888.0,17269.0,11447.0,13425.0,18467.0,24017.0,39806.0,43884.0,39234.0,42906.0,47281.0,47786.0,40480.0,38565.0,30329.0,26425.0,21584.0,18388.0,25564.0,10756.0
NEPAL,NPL,-650.0,17056.0,84106.0,-37782.0,-27423.0,-86300.0,-92417.0,-98574.0,-108537.0,-122704.0,-147403.0,-149185.0,-160257.0,-183002.0,-212507.0,-238799.0,-271254.0,-282748.0,-294886.0,-300762.0,-293613.0,-347554.0,-371708.0,-373065.0,-310157.0,-221059.0,-98016.0,-78062.0,-81130.0,-70597.0,306664.0
NAURU,NRU,71.0,65.0,-110.0,-193.0,-198.0,-201.0,-205.0,-208.0,-213.0,-217.0,-223.0,-228.0,-219.0,-211.0,-223.0,-234.0,-247.0,-258.0,-263.0,-262.0,-252.0,-207.0,-32.0,-34.0,-31.0,-31.0,-31.0,-34.0,-39.0,-107.0,-68.0
NEW ZEALAND,NZL,71491.0,30577.0,6535.0,12337.0,20272.0,26133.0,24974.0,11761.0,-1765.0,-8993.0,-6080.0,17140.0,47693.0,42181.0,24480.0,19148.0,14521.0,2976.0,4679.0,12403.0,6258.0,-2405.0,-1539.0,22547.0,48532.0,47165.0,50012.0,48815.0,80419.0,103392.0,38220.0
OMAN,OMN,33492.0,33643.0,33345.0,28131.0,-14802.0,-15515.0,-16769.0,-17943.0,-19193.0,-20097.0,-19889.0,-20234.0,-20634.0,-20635.0,-855.0,-630.0,-398.0,-755.0,-2491.0,-4718.0,264095.0,266486.0,262093.0,161176.0,75961.0,134260.0,118472.0,5777.0,-51177.0,-106864.0,-164408.0
PAKISTAN,PAK,30184.0,-6127.0,-1320633.0,-278.0,-276644.0,296208.0,147987.0,151546.0,148849.0,148403.0,940739.0,344288.0,-834546.0,-578225.0,-524871.0,-632467.0,-628923.0,-563471.0,-525915.0,-338507.0,-431891.0,-890633.0,-1647986.0,-1906315.0,-2037911.0,-2172159.0,-2290411.0,-1574581.0,-1309609.0,-1177218.0,-588736.0
PANAMA,PAN,-854.0,-305.0,182.0,560.0,899.0,1221.0,1533.0,1820.0,2084.0,2341.0,2602.0,2856.0,3099.0,3352.0,3596.0,3843.0,4087.0,4330.0,4568.0,4765.0,4953.0,5167.0,5447.0,5926.0,7105.0,8648.0,10109.0,11059.0,11130.0,10623.0,5473.0
PERU,PER,-35982.0,-61663.0,-51779.0,-51720.0,-39297.0,-46443.0,-38694.0,-32467.0,-35941.0,-60881.0,-94554.0,-128827.0,-157162.0,-181202.0,-194133.0,-221582.0,-231739.0,-236705.0,-235263.0,-219304.0,-181284.0,-148270.0,-118758.0,-95149.0,-50381.0,2462.0,80725.0,104242.0,326831.0,136558.0,79456.0
PHILIPPINES,PHL,-149089.0,-198673.0,-179039.0,-169227.0,-147940.0,-143386.0,5539.0,-3109.0,-24139.0,-59467.0,-122971.0,-185071.0,-195877.0,-204925.0,-182951.0,-223074.0,-235227.0,-217909.0,-190626.0,-232359.0,-183268.0,-103875.0,-156051.0,-199869.0,-237890.0,6954.0,79051.0,36111.0,-15371.0,-24066.0,-41937.0
PALAU,PLW,169.0,188.0,189.0,189.0,209.0,283.0,408.0,415.0,420.0,415.0,79.0,-78.0,-78.0,-76.0,-68.0,-277.0,-338.0,-337.0,-342.0,-347.0,-356.0,-364.0,-339.0,-50.0,-51.0,8.0,8.0,8.0,8.0,8.0,7.0
PAPUA NEW GUINEA,PNG,2397.0,26836.0,36623.0,38223.0,39667.0,40951.0,41986.0,42791.0,43097.0,42513.0,41857.0,41963.0,42657.0,43638.0,44804.0,46016.0,47192.0,48204.0,48988.0,49646.0,50107.0,40693.0,37896.0,35283.0,32841.0,30581.0,28474.0,26515.0,24688.0,22977.0,10695.0
POLAND,POL,-41244.0,-44836.0,-43464.0,-38654.0,-36956.0,-48065.0,-38917.0,-37561.0,-39215.0,-24652.0,315602.0,-21293.0,-21339.0,-22621.0,-17064.0,-21324.0,-47251.0,-29316.0,-20946.0,14220.0,-8835.0,-12188.0,-12077.0,-27597.0,-24234.0,-25426.0,-1967.0,-1983.0,-8736.0,-2974.0,-779.0
PUERTO RICO,PRI,-8238.0,-4808.0,-6082.0,-7941.0,-8199.0,-8680.0,-9170.0,-10803.0,-7644.0,-7546.0,-22489.0,-28052.0,-28183.0,-29216.0,-32210.0,-33430.0,-33275.0,-32608.0,-30804.0,-29338.0,-33742.0,-38794.0,-45035.0,-52866.0,-64956.0,-64764.0,-65824.0,-62275.0,-17320.0,-16013.0,-7408.0
"KOREA, DEM. PEOPLE'S REP.",PRK,0.0,0.0,0.0,0.0,-525.0,-3093.0,-3507.0,-3738.0,-3706.0,-3436.0,-3139.0,-2883.0,-2770.0,-2720.0,-2759.0,-2860.0,-2950.0,-3020.0,-3046.0,-3055.0,-3047.0,-2958.0,-2918.0,-2936.0,-3039.0,-3200.0,-3218.0,-3222.0,-3223.0,-3139.0,-1589.0
PORTUGAL,PRT,-33704.0,-35318.0,-7612.0,11901.0,22141.0,30130.0,35377.0,39207.0,43501.0,49266.0,63195.0,57075.0,45651.0,28311.0,17114.0,17155.0,18775.0,21954.0,10008.0,15657.0,-11820.0,-24048.0,-37448.0,-36657.0,-30033.0,-10124.0,-8128.0,5244.0,10177.0,43656.0,40535.0
PARAGUAY,PRY,-4689.0,-5420.0,-6032.0,-6432.0,-6996.0,-7653.0,-8273.0,-8707.0,-9279.0,-11357.0,-15880.0,-27672.0,-36917.0,-39940.0,-40910.0,-42163.0,-44565.0,-45914.0,-44677.0,-40108.0,-26173.0,-20435.0,-17761.0,-17238.0,-16990.0,-16833.0,-16734.0,-16628.0,-16470.0,-16270.0,-8230.0
WEST BANK AND GAZA,PSE,-476.0,2116.0,4411.0,5975.0,7434.0,8763.0,9810.0,10417.0,-13145.0,-13857.0,-11501.0,-25657.0,-35034.0,-35960.0,-32854.0,-28157.0,-23450.0,-20334.0,-23981.0,-25908.0,-26350.0,-26662.0,-26918.0,-26976.0,-27076.0,-22904.0,-22774.0,-25452.0,-25137.0,-24737.0,-12369.0
FRENCH POLYNESIA,PYF,-904.0,-925.0,-933.0,-944.0,-961.0,-919.0,-727.0,-487.0,-417.0,-455.0,-460.0,-431.0,-304.0,-130.0,-61.0,-93.0,-342.0,-1179.0,-2190.0,-2603.0,-2613.0,-2521.0,-2639.0,-1988.0,-1668.0,-1676.0,-1687.0,-1046.0,-952.0,-861.0,-378.0
QATAR,QAT,5021.0,5494.0,5451.0,5250.0,5106.0,4893.0,4552.0,19387.0,22500.0,22364.0,22039.0,21641.0,24200.0,23444.0,12430.0,106609.0,203572.0,206156.0,192654.0,111510.0,64531.0,82815.0,83444.0,137597.0,179768.0,178133.0,138455.0,46900.0,11662.0,15493.0,-163999.0
ROMANIA,ROU,-39265.0,-32488.0,-76545.0,-76366.0,-80789.0,-75823.0,-70462.0,-88880.0,-89939.0,-85301.0,-91807.0,-87561.0,-101632.0,-97597.0,-106593.0,-129933.0,-125012.0,-127609.0,-138327.0,-129392.0,-112173.0,-47867.0,-21485.0,-13890.0,-20445.0,-49612.0,-64002.0,-58735.0,-57865.0,-25453.0,-12724.0
RUSSIAN FEDERATION,RUS,257950.0,124261.0,443129.0,731233.0,658544.0,544803.0,463685.0,463215.0,464127.0,518140.0,404928.0,287206.0,289174.0,241147.0,239753.0,244437.0,282022.0,372974.0,385471.0,374958.0,253479.0,295952.0,304059.0,291552.0,260843.0,384942.0,373316.0,350105.0,336527.0,333509.0,340711.0
RWANDA,RWA,-31720.0,-48085.0,3454.0,126168.0,-2162873.0,443316.0,1372202.0,239690.0,-84051.0,-97819.0,-99860.0,-91955.0,-47989.0,-17399.0,-18936.0,-23051.0,-20195.0,-17724.0,-16880.0,-15121.0,-8394.0,-5358.0,-14824.0,-15833.0,-15027.0,-14477.0,-2605.0,-5169.0,-10794.0,-11823.0,-1579.0
SAUDI ARABIA,SAU,186898.0,165010.0,130258.0,31317.0,35332.0,27095.0,29773.0,31781.0,29767.0,24400.0,17241.0,19616.0,22830.0,17278.0,10112.0,481349.0,490805.0,495746.0,495131.0,494189.0,236962.0,94083.0,88879.0,77738.0,65520.0,60337.0,171429.0,282947.0,253245.0,241172.0,-1025295.0
SUDAN,SDN,-227157.0,-254515.0,-248714.0,-87480.0,-70382.0,-71692.0,-56798.0,-47334.0,-48202.0,-58808.0,-80698.0,-136249.0,-159912.0,-149595.0,-86754.0,-10644.0,-12376.0,-13752.0,-72121.0,-79473.0,-331713.0,-337194.0,-221502.0,-185339.0,85052.0,49080.0,97646.0,189497.0,74198.0,-29450.0,86.0
SENEGAL,SEN,-12986.0,-13810.0,-14820.0,-16672.0,-22681.0,-31064.0,-39240.0,-44599.0,-45291.0,-44377.0,-42952.0,-41509.0,-40555.0,-40489.0,-41027.0,-41857.0,-42731.0,-43365.0,-43583.0,-43643.0,-43569.0,-43352.0,-42976.0,-45857.0,-37405.0,-31006.0,-24720.0,-20576.0,-19973.0,-19973.0,-10090.0
SINGAPORE,SGP,44423.0,71936.0,71430.0,68911.0,69606.0,67448.0,77188.0,70128.0,74882.0,69080.0,39387.0,32038.0,22897.0,19770.0,15629.0,80422.0,149376.0,147762.0,145016.0,142947.0,109045.0,72396.0,67992.0,67504.0,60308.0,40958.0,36498.0,35449.0,35726.0,40624.0,21324.0
SOLOMON ISLANDS,SLB,-529.0,-585.0,-650.0,-726.0,-793.0,-859.0,-908.0,-971.0,-1065.0,-1478.0,-2137.0,-2511.0,-2603.0,-2685.0,-2745.0,-2800.0,-2848.0,-2901.0,-2964.0,-2579.0,-2225.0,-1875.0,-1634.0,-1603.0,-1603.0,-1603.0,-1603.0,-1603.0,-1603.0,-1603.0,-808.0
SIERRA LEONE,SLE,131587.0,-238965.0,-129565.0,-95476.0,-77371.0,-112857.0,-52110.0,-48437.0,-76766.0,-84926.0,83013.0,227791.0,86578.0,69185.0,23897.0,-1805.0,-34052.0,-6042.0,1182.0,18145.0,7983.0,6895.0,988.0,2773.0,485.0,-356.0,4657.0,1234.0,-2741.0,-2238.0,1292.0
EL SALVADOR,SLV,-39690.0,-50621.0,-48228.0,-76214.0,-82069.0,-89307.0,-92279.0,-93078.0,-97089.0,-98364.0,-97219.0,-93347.0,-92034.0,-91736.0,-89193.0,-91042.0,-89964.0,-56863.0,-56087.0,-55962.0,-54686.0,-53440.0,-50554.0,-49086.0,-49130.0,-51282.0,-47499.0,-50616.0,-54158.0,-55143.0,-25214.0
SAN MARINO,SMR,273.0,251.0,318.0,300.0,273.0,275.0,266.0,285.0,322.0,289.0,386.0,463.0,590.0,483.0,333.0,381.0,432.0,268.0,213.0,366.0,641.0,1043.0,195.0,109.0,119.0,317.0,344.0,302.0,137.0,148.0,-138.0
SOMALIA,SOM,-248155.0,-568166.0,-179675.0,261815.0,-50921.0,65888.0,-46291.0,49692.0,55426.0,37548.0,53580.0,40274.0,12603.0,33174.0,17353.0,-5955.0,-67200.0,8476.0,-102035.0,-101795.0,-88448.0,-326192.0,-51833.0,20723.0,6065.0,-17178.0,124017.0,38067.0,40844.0,48055.0,-11383.0
SERBIA,SRB,-651.0,-62389.0,7805.0,9203.0,7520.0,7879.0,7573.0,5364.0,3799.0,3950.0,2082.0,-5.0,1543.0,511.0,480.0,351.0,185.0,117.0,98.0,46.0,-20.0,28.0,3968.0,7198.0,8072.0,7368.0,5901.0,4465.0,3346.0,489.0,243.0
SOUTH SUDAN,SSD,12993.0,14325.0,15074.0,15772.0,16418.0,17077.0,17951.0,48277.0,64284.0,70269.0,74224.0,77854.0,82850.0,91958.0,110187.0,132868.0,153929.0,167356.0,165553.0,139129.0,299400.0,194323.0,125766.0,65337.0,-471614.0,-160109.0,-655870.0,-672697.0,-297041.0,2048.0,-74415.0
SAO TOME AND PRINCIPE,STP,-724.0,-1121.0,-1175.0,-1261.0,-1376.0,-1494.0,-1625.0,-1801.0,-2024.0,-2274.0,-2512.0,-1292.0,-739.0,-889.0,-991.0,-1023.0,-1072.0,-1086.0,-1176.0,-1306.0,-1527.0,-1641.0,-1736.0,-1781.0,-1794.0,-1800.0,-1786.0,-1775.0,-1758.0,-1718.0,0.0
SURINAME,SUR,-6471.0,-6174.0,-5662.0,-7291.0,-2713.0,607.0,421.0,412.0,526.0,630.0,613.0,639.0,723.0,741.0,-1684.0,-1542.0,-1410.0,-1316.0,-1265.0,-1214.0,-1145.0,-1068.0,-1014.0,-978.0,-967.0,-976.0,-910.0,-948.0,-862.0,203.0,-313.0
SLOVAK REPUBLIC,SVK,-10132.0,-526.0,-983.0,-602.0,-699.0,-591.0,-157.0,45.0,-186.0,-102.0,-1135.0,-791.0,-571.0,-325.0,-225.0,-219.0,-26.0,363.0,761.0,1148.0,-1558.0,-1855.0,2629.0,1279.0,1058.0,2637.0,3682.0,3542.0,3752.0,3378.0,1746.0
SLOVENIA,SVN,1718.0,-9.0,-5.0,-211.0,-708.0,-763.0,-904.0,-821.0,-1031.0,-1206.0,-1562.0,-1434.0,5397.0,8388.0,8061.0,8289.0,8036.0,7993.0,7583.0,7660.0,7640.0,390.0,219.0,210.0,-225.0,7934.0,7684.0,7460.0,7559.0,7427.0,7681.0
SWEDEN,SWE,17724.0,18514.0,19363.0,20278.0,21185.0,22161.0,23219.0,24183.0,25405.0,26554.0,27734.0,29249.0,31068.0,33445.0,36044.0,39103.0,42580.0,46383.0,50669.0,55405.0,60639.0,65397.0,69451.0,72873.0,75670.0,77987.0,79667.0,80765.0,81492.0,81585.0,81066.0
ESWATINI,SWZ,7169.0,7496.0,6012.0,-6692.0,-48259.0,-2501.0,-2949.0,-5749.0,-6058.0,-6575.0,-6689.0,-6832.0,-7036.0,-7327.0,-7656.0,-8000.0,-8136.0,-7997.0,-10009.0,-10223.0,-10467.0,-10654.0,-10706.0,-10662.0,-10586.0,-10464.0,-10295.0,-10127.0,-9956.0,-9796.0,-4897.0
SINT MAARTEN (DUTCH PART),SXM,1402.0,1465.0,433.0,-659.0,-695.0,-719.0,-727.0,-723.0,-688.0,-657.0,-594.0,-309.0,-35.0,-6.0,9.0,11.0,8.0,63.0,27.0,23.0,-62.0,0.0,2953.0,1609.0,901.0,1027.0,969.0,-50.0,640.0,540.0,475.0
SEYCHELLES,SYC,-320.0,-339.0,-369.0,-376.0,-55.0,-48.0,-48.0,370.0,262.0,374.0,376.0,363.0,320.0,263.0,245.0,251.0,259.0,276.0,305.0,317.0,376.0,378.0,369.0,323.0,263.0,245.0,251.0,259.0,276.0,305.0,146.0
SYRIAN ARAB REPUBLIC,SYR,-12182.0,-11960.0,-11272.0,-11553.0,-18146.0,-13569.0,-16245.0,-16907.0,-17572.0,-18162.0,-18458.0,-18374.0,-17963.0,-17451.0,10911.0,13431.0,682984.0,801533.0,-402356.0,-52701.0,-54336.0,-256835.0,-999191.0,-2081259.0,-1457678.0,-827474.0,-133823.0,-293599.0,513647.0,500572.0,270006.0
TURKS AND CAICOS ISLANDS,TCA,291.0,404.0,395.0,393.0,390.0,382.0,369.0,370.0,371.0,385.0,418.0,548.0,778.0,789.0,782.0,794.0,811.0,848.0,873.0,889.0,899.0,821.0,1256.0,1337.0,1005.0,1663.0,1312.0,1425.0,1403.0,1358.0,682.0
CHAD,TCD,-58912.0,112490.0,6011.0,-146473.0,994.0,152235.0,1268.0,3624.0,2237.0,17174.0,-3839.0,3473.0,20396.0,105146.0,110387.0,19281.0,23055.0,-11340.0,36443.0,9108.0,10419.0,29255.0,9516.0,51887.0,20842.0,-48918.0,21546.0,16916.0,46664.0,-9469.0,9016.0
TOGO,TGO,59.0,-72.0,-132.0,-291022.0,88992.0,57406.0,40915.0,11899.0,12365.0,11122.0,4710.0,-1711.0,-5972.0,-2797.0,-1007.0,-4438.0,21722.0,4811.0,14304.0,-1997.0,-1972.0,-1980.0,-1992.0,-1985.0,-1985.0,-1985.0,-1988.0,-1997.0,-1997.0,-1997.0,-995.0
THAILAND,THA,130112.0,57444.0,72918.0,73141.0,106745.0,102011.0,93259.0,101661.0,121296.0,132804.0,119074.0,125457.0,134387.0,112123.0,119324.0,70281.0,78189.0,91206.0,85762.0,86611.0,52842.0,66775.0,74265.0,67600.0,55367.0,32595.0,76693.0,44063.0,9304.0,3758.0,35526.0
TAJIKISTAN,TJK,-41579.0,-29562.0,-95269.0,-75130.0,-49653.0,-40411.0,-30928.0,-109410.0,-117995.0,-124143.0,-13870.0,-19655.0,-20530.0,-22561.0,-25080.0,-27949.0,-30595.0,-32834.0,-34853.0,-36672.0,-33731.0,-30780.0,-27831.0,-24877.0,-21933.0,-18984.0,-16029.0,-13082.0,-10135.0,-7192.0,-3564.0
TURKMENISTAN,TKM,798.0,5400.0,8347.0,8183.0,4802.0,-462.0,-25893.0,-16799.0,-9721.0,-9212.0,-9473.0,-9062.0,-8595.0,-15713.0,-9254.0,-8252.0,-9619.0,-9637.0,-9605.0,-9615.0,-9627.0,-9636.0,-9598.0,-9603.0,-9609.0,-9612.0,-9616.0,-9616.0,-9614.0,-9612.0,-4502.0
TIMOR-LESTE,TLS,399.0,-7212.0,-7769.0,-7759.0,-7986.0,-7916.0,-8429.0,-8625.0,-8572.0,-8157.0,-12665.0,-9894.0,-9937.0,-9731.0,-5797.0,-1481.0,-1590.0,-1970.0,-3235.0,-4019.0,-1607.0,-309.0,-769.0,-1580.0,-1586.0,-5529.0,-5475.0,-5412.0,-5352.0,-5265.0,-3506.0
TONGA,TON,-2068.0,-2147.0,-2187.0,-2187.0,-2143.0,-2109.0,-2116.0,-1567.0,-1648.0,-1646.0,-1617.0,-1647.0,-1712.0,-1754.0,-1793.0,-1812.0,-1813.0,-1985.0,-2085.0,-2079.0,-1948.0,-2048.0,-2529.0,-2558.0,-2524.0,-2495.0,-2206.0,-2106.0,-2023.0,-1898.0,-948.0
TRINIDAD AND TOBAGO,TTO,-7878.0,-7149.0,-6650.0,-6554.0,-6615.0,-6723.0,-6827.0,-6865.0,-6730.0,-6103.0,-5185.0,-4252.0,-3613.0,-3472.0,-3504.0,-3595.0,-3684.0,-3731.0,-3624.0,-3056.0,-2230.0,-1410.0,-880.0,-796.0,-799.0,-583.0,-103.0,1446.0,35502.0,-19248.0,2370.0
TUNISIA,TUN,7453.0,7712.0,8000.0,5978.0,594.0,-10177.0,-12610.0,-13789.0,-15073.0,-16316.0,-17475.0,-18429.0,-19029.0,-20774.0,-24512.0,-29303.0,-29586.0,-29009.0,-28334.0,-27364.0,-25953.0,11481.0,-29555.0,-27026.0,-26591.0,-25230.0,-23826.0,-22368.0,-21013.0,-19609.0,-9189.0
TURKIYE,TUR,-22662.0,-58319.0,-41604.0,-29375.0,-31467.0,-81045.0,-77332.0,-110940.0,-99944.0,-109485.0,-77647.0,-64004.0,-92952.0,-4115.0,12764.0,-23548.0,-59360.0,-85513.0,-75192.0,31992.0,69638.0,68855.0,297814.0,393572.0,703144.0,341261.0,375842.0,-252010.0,-261813.0,-218341.0,-80952.0
TUVALU,TUV,-37.0,-51.0,-145.0,-160.0,-163.0,-163.0,-165.0,-166.0,-163.0,-163.0,-161.0,-162.0,-146.0,-14.0,-12.0,-10.0,-14.0,-6.0,-1.0,9.0,17.0,26.0,8.0,-150.0,-152.0,-159.0,-170.0,-155.0,-57.0,-57.0,-15.0
TANZANIA,TZA,-88284.0,-91874.0,-95865.0,288072.0,349345.0,-109903.0,-472926.0,-13340.0,-119727.0,-11552.0,-12539.0,-124527.0,-118044.0,-127010.0,-126446.0,-128147.0,-128070.0,-126739.0,-184748.0,-324470.0,-121993.0,-84433.0,-49713.0,1346.0,-21079.0,201562.0,124444.0,101235.0,-56813.0,-64819.0,-15795.0
UGANDA,UGA,-21692.0,3642.0,24725.0,18352.0,-16192.0,-242445.0,-22809.0,-155544.0,6283.0,-39697.0,-52834.0,-95975.0,-35155.0,-96452.0,-138801.0,-151432.0,-156293.0,-154826.0,-158848.0,-164609.0,-168379.0,-173065.0,-175994.0,-176638.0,-92291.0,-62377.0,123381.0,92876.0,60723.0,107203.0,43465.0
UKRAINE,UKR,49782.0,104501.0,204389.0,-7382.0,-222324.0,-124586.0,-162706.0,-113342.0,-122825.0,-78867.0,-77752.0,-109322.0,-36318.0,11140.0,-11530.0,-4936.0,12013.0,11518.0,16490.0,18178.0,8366.0,13301.0,68840.0,34043.0,-65667.0,-21937.0,-54333.0,-50447.0,-33273.0,-7812.0,-2173.0
URUGUAY,URY,-7498.0,-7720.0,-7856.0,-7917.0,-7951.0,-8333.0,-7396.0,-6937.0,-7043.0,-7439.0,-11074.0,-14628.0,-16958.0,-17099.0,-15661.0,-16092.0,-13159.0,-10752.0,-9460.0,-8510.0,-7696.0,-6982.0,-6318.0,-5655.0,-4914.0,-4156.0,-3506.0,-3090.0,-2963.0,-2902.0,-1486.0
UNITED STATES,USA,1421775.0,1569223.0,1816509.0,1752153.0,1806698.0,1678815.0,1771618.0,1866819.0,1799996.0,1667953.0,1479676.0,1335725.0,1168499.0,1074728.0,1200409.0,1129462.0,1113259.0,1108509.0,1095864.0,1031010.0,1030731.0,1322433.0,1323368.0,1320840.0,1250914.0,1221849.0,1449371.0,1377630.0,1200796.0,1158444.0,675560.0
UZBEKISTAN,UZB,-73485.0,-29065.0,-33270.0,-37383.0,-41799.0,-45888.0,-50325.0,-48369.0,-49882.0,-61969.0,-66569.0,-48649.0,-47697.0,-44098.0,-38839.0,-33395.0,-29201.0,-27023.0,-24037.0,-20379.0,-20381.0,-20380.0,-20382.0,-20380.0,-20382.0,-20380.0,-35209.0,-48561.0,-60066.0,-69397.0,-39203.0
ST. VINCENT AND THE GRENADINES,VCT,-1915.0,-1595.0,-1606.0,-1618.0,-1630.0,-1640.0,-1643.0,-1661.0,-1672.0,-1661.0,-1618.0,-1563.0,-1537.0,-1699.0,-1726.0,-1757.0,-1780.0,-1719.0,-1653.0,-1659.0,-1660.0,-1665.0,-1569.0,-1569.0,-1295.0,-1295.0,-1295.0,-847.0,-807.0,-758.0,-379.0
"VENEZUELA, RB",VEN,-80.0,-241.0,-388.0,-487.0,-567.0,-633.0,-717.0,-825.0,-1013.0,-1388.0,-2004.0,-2852.0,-3934.0,-5730.0,-10798.0,-18400.0,-27239.0,-36052.0,-43636.0,-50286.0,-52784.0,-54377.0,-55130.0,-57815.0,-62437.0,-77421.0,-283326.0,-817764.0,-1356759.0,-976460.0,-525142.0
BRITISH VIRGIN ISLANDS,VGB,381.0,236.0,192.0,193.0,243.0,253.0,262.0,251.0,347.0,325.0,326.0,451.0,571.0,594.0,596.0,658.0,709.0,741.0,801.0,763.0,0.0,562.0,122.0,164.0,260.0,302.0,275.0,281.0,221.0,253.0,272.0
VIRGIN ISLANDS (U.S.),VIR,-1583.0,-1216.0,-973.0,-915.0,-883.0,144.0,229.0,79.0,132.0,77.0,-921.0,-988.0,-1041.0,-1057.0,-1122.0,-429.0,-534.0,-570.0,-682.0,-567.0,-1090.0,-1018.0,-932.0,-858.0,-748.0,-630.0,-526.0,-471.0,-458.0,-458.0,0.0
VIETNAM,VNM,-10252.0,-824.0,-5664.0,-5426.0,-2891.0,43672.0,50794.0,52526.0,72370.0,-31169.0,-150955.0,-162571.0,-159577.0,-153880.0,-150349.0,-144080.0,-131559.0,-119471.0,-101560.0,-18546.0,-4382.0,-4378.0,-4545.0,-4786.0,-4875.0,-4761.0,-4432.0,-3847.0,-3080.0,-4028.0,-2016.0
VANUATU,VUT,-939.0,-943.0,-939.0,-939.0,-939.0,-939.0,-937.0,-929.0,-902.0,-734.0,-458.0,-336.0,-351.0,-386.0,-425.0,-448.0,-481.0,-498.0,-531.0,-680.0,-882.0,-934.0,-879.0,-824.0,-785.0,-756.0,-404.0,-403.0,-403.0,-403.0,-197.0
SAMOA,WSM,-4286.0,-3705.0,-3166.0,-2944.0,-2979.0,-3004.0,-3003.0,-2984.0,-2986.0,-3001.0,-3020.0,-3489.0,-3772.0,-3966.0,-4022.0,-4040.0,-3553.0,-3334.0,-3244.0,-3252.0,-3274.0,-3246.0,-3215.0,-3182.0,-3161.0,-3137.0,-2772.0,-2824.0,-2739.0,-2469.0,-1060.0
KOSOVO,XKX,-8387.0,-3473.0,838.0,670.0,449.0,-775.0,-4185.0,-4656.0,-295298.0,-168911.0,-9176.0,-1995.0,-29565.0,-27077.0,-30715.0,-33861.0,-32364.0,-32547.0,-34210.0,-33429.0,-31889.0,-3033.0,-15323.0,-40468.0,-56637.0,-14819.0,-31383.0,-33495.0,-34137.0,-33469.0,-15050.0
"YEMEN, REP.",YEM,-15868.0,-14971.0,-14380.0,-14335.0,-13045.0,-55482.0,-75067.0,-76708.0,-79125.0,-82761.0,-87753.0,-93742.0,-99706.0,-104794.0,-102701.0,-51360.0,-24072.0,-26971.0,-28242.0,-27870.0,-25573.0,-21770.0,-20983.0,-23747.0,-30048.0,-38355.0,-39688.0,-39672.0,-39699.0,-39769.0,-86100.0
SOUTH AFRICA,ZAF,231224.0,12361.0,-85560.0,-96947.0,-76997.0,-98300.0,-85040.0,-56052.0,-59065.0,-77647.0,-80388.0,-29826.0,50323.0,65721.0,58977.0,31424.0,33357.0,36414.0,36948.0,41532.0,68599.0,65295.0,68846.0,63794.0,290874.0,644996.0,-866101.0,-10681.0,27265.0,22728.0,30852.0
ZAMBIA,ZMB,-40900.0,-44211.0,-47186.0,-47719.0,-45505.0,-45408.0,-38331.0,-26263.0,-30975.0,-18917.0,-5152.0,23832.0,3209.0,20873.0,7828.0,35351.0,29559.0,49966.0,39266.0,44865.0,22765.0,13605.0,9009.0,15574.0,16580.0,16283.0,17285.0,20268.0,18019.0,18019.0,9015.0
ZIMBABWE,ZWE,2355.0,998.0,8095.0,-201588.0,-144401.0,-32961.0,-34438.0,-36050.0,-37480.0,-73419.0,-137321.0,-136966.0,-147110.0,-118634.0,-156566.0,-164732.0,-70231.0,-145201.0,-139762.0,-133436.0,-133402.0,-133434.0,-66709.0,-59918.0,-59918.0,-59918.0,-59918.0,-59918.0,-59918.0,-59918.0,-29955.0
